<application>
  <component name="KeyPromoterXStatistic">
    <option name="statistics">
      <Statistic Action="Back">
        <Item>
          <IdeaActionID>Back</IdeaActionID>
          <ShortCut>'Ctrl+Alt+向左箭头'</ShortCut>
          <Description>Back</Description>
          <Count>1</Count>
        </Item>
      </Statistic>
      <Statistic Action="Build Project">
        <Item>
          <IdeaActionID>CompileDirty</IdeaActionID>
          <ShortCut>'Ctrl+F9'</ShortCut>
          <Description>Build Project</Description>
          <Count>2</Count>
        </Item>
      </Statistic>
      <Statistic Action="Change Signature...">
        <Item>
          <IdeaActionID>ChangeSignature</IdeaActionID>
          <ShortCut>'Ctrl+F6'</ShortCut>
          <Description>Change Signature...</Description>
          <Count>1</Count>
        </Item>
      </Statistic>
      <Statistic Action="Close">
        <Item>
          <IdeaActionID>CloseContent</IdeaActionID>
          <ShortCut>'Ctrl+F4'</ShortCut>
          <Description>Close</Description>
          <Count>5</Count>
        </Item>
      </Statistic>
      <Statistic Action="Copy">
        <Item>
          <IdeaActionID>$Copy</IdeaActionID>
          <ShortCut>'Ctrl+C' or 'Ctrl+Insert'</ShortCut>
          <Description>Copy</Description>
          <Count>49</Count>
        </Item>
      </Statistic>
      <Statistic Action="Copy Path">
        <Item>
          <IdeaActionID>CopyPaths</IdeaActionID>
          <ShortCut>'Ctrl+Shift+C'</ShortCut>
          <Description>Copy Path</Description>
          <Count>8</Count>
        </Item>
      </Statistic>
      <Statistic Action="Cut">
        <Item>
          <IdeaActionID>$Cut</IdeaActionID>
          <ShortCut>'Ctrl+X' or 'Shift+Delete'</ShortCut>
          <Description>Cut</Description>
          <Count>5</Count>
        </Item>
      </Statistic>
      <Statistic Action="Data Source Properties">
        <Item>
          <IdeaActionID>DatabaseView.PropertiesAction</IdeaActionID>
          <ShortCut>'Shift+Enter'</ShortCut>
          <Description>Data Source Properties</Description>
          <Count>1</Count>
        </Item>
      </Statistic>
      <Statistic Action="Debug">
        <Item>
          <IdeaActionID>ActivateDebugToolWindow</IdeaActionID>
          <ShortCut>'Alt+5'</ShortCut>
          <Description>Debug</Description>
          <Count>26</Count>
        </Item>
      </Statistic>
      <Statistic Action="Debug 'A2048'">
        <Item>
          <IdeaActionID>Debug</IdeaActionID>
          <ShortCut>'Shift+F9'</ShortCut>
          <Description>Debug 'A2048'</Description>
          <Count>3</Count>
        </Item>
      </Statistic>
      <Statistic Action="Debug 'Lazy_thread_safeTest.unsafeTest'">
        <Item>
          <IdeaActionID>Debug</IdeaActionID>
          <ShortCut>'Shift+F9'</ShortCut>
          <Description>Debug 'Lazy_thread_safeTest.unsafeTest'</Description>
          <Count>1</Count>
        </Item>
      </Statistic>
      <Statistic Action="Debug 'Main'">
        <Item>
          <IdeaActionID>Debug</IdeaActionID>
          <ShortCut>'Shift+F9'</ShortCut>
          <Description>Debug 'Main'</Description>
          <Count>3</Count>
        </Item>
      </Statistic>
      <Statistic Action="Debug 'MainApplication'">
        <Item>
          <IdeaActionID>Debug</IdeaActionID>
          <ShortCut>'Shift+F9'</ShortCut>
          <Description>Debug 'MainApplication'</Description>
          <Count>15</Count>
        </Item>
      </Statistic>
      <Statistic Action="Debug 'PipelineTest'">
        <Item>
          <IdeaActionID>Debug</IdeaActionID>
          <ShortCut>'Shift+F9'</ShortCut>
          <Description>Debug 'PipelineTest'</Description>
          <Count>1</Count>
        </Item>
      </Statistic>
      <Statistic Action="Debug 'QuickSort'">
        <Item>
          <IdeaActionID>Debug</IdeaActionID>
          <ShortCut>'Shift+F9'</ShortCut>
          <Description>Debug 'QuickSort'</Description>
          <Count>5</Count>
        </Item>
      </Statistic>
      <Statistic Action="Debug 'RedisLockTest.redisLock'">
        <Item>
          <IdeaActionID>Debug</IdeaActionID>
          <ShortCut>'Shift+F9'</ShortCut>
          <Description>Debug 'RedisLockTest.redisLock'</Description>
          <Count>1</Count>
        </Item>
      </Statistic>
      <Statistic Action="Debug 'Send'">
        <Item>
          <IdeaActionID>Debug</IdeaActionID>
          <ShortCut>'Shift+F9'</ShortCut>
          <Description>Debug 'Send'</Description>
          <Count>2</Count>
        </Item>
      </Statistic>
      <Statistic Action="Debug 'SsodemoApplication'">
        <Item>
          <IdeaActionID>Debug</IdeaActionID>
          <ShortCut>'Shift+F9'</ShortCut>
          <Description>Debug 'SsodemoApplication'</Description>
          <Count>2</Count>
        </Item>
      </Statistic>
      <Statistic Action="Debug 'Tomcat 9.0.20'">
        <Item>
          <IdeaActionID>Debug</IdeaActionID>
          <ShortCut>'Shift+F9'</ShortCut>
          <Description>Debug 'Tomcat 9.0.20'</Description>
          <Count>5</Count>
        </Item>
      </Statistic>
      <Statistic Action="Declaration">
        <Item>
          <IdeaActionID>GotoDeclaration</IdeaActionID>
          <ShortCut>'Ctrl+B'</ShortCut>
          <Description>Declaration</Description>
          <Count>269</Count>
        </Item>
      </Statistic>
      <Statistic Action="Delete...">
        <Item>
          <IdeaActionID>$Delete</IdeaActionID>
          <ShortCut>'Delete'</ShortCut>
          <Description>Delete...</Description>
          <Count>67</Count>
        </Item>
      </Statistic>
      <Statistic Action="Disconnect">
        <Item>
          <IdeaActionID>DatabaseView.CloseConnectionAction</IdeaActionID>
          <ShortCut>'Ctrl+F2'</ShortCut>
          <Description>Disconnect</Description>
          <Count>1</Count>
        </Item>
      </Statistic>
      <Statistic Action="Drop">
        <Item>
          <IdeaActionID>$Delete</IdeaActionID>
          <ShortCut>'Delete'</ShortCut>
          <Description>Drop</Description>
          <Count>1</Count>
        </Item>
      </Statistic>
      <Statistic Action="Duplicate">
        <Item>
          <IdeaActionID>DatabaseView.CopyAction</IdeaActionID>
          <ShortCut>'Ctrl+D'</ShortCut>
          <Description>Duplicate</Description>
          <Count>1</Count>
        </Item>
      </Statistic>
      <Statistic Action="Execute">
        <Item>
          <IdeaActionID>Console.Jdbc.Execute</IdeaActionID>
          <ShortCut>'Ctrl+Enter'</ShortCut>
          <Description>Execute</Description>
          <Count>6</Count>
        </Item>
      </Statistic>
      <Statistic Action="Favorites">
        <Item>
          <IdeaActionID>ActivateFavoritesToolWindow</IdeaActionID>
          <ShortCut>'Alt+2'</ShortCut>
          <Description>Favorites</Description>
          <Count>1</Count>
        </Item>
      </Statistic>
      <Statistic Action="Find">
        <Item>
          <IdeaActionID>ActivateFindToolWindow</IdeaActionID>
          <ShortCut>'Alt+3'</ShortCut>
          <Description>Find</Description>
          <Count>1</Count>
        </Item>
      </Statistic>
      <Statistic Action="Find Usages">
        <Item>
          <IdeaActionID>FindUsages</IdeaActionID>
          <ShortCut>'Alt+F7'</ShortCut>
          <Description>Find Usages</Description>
          <Count>9</Count>
        </Item>
      </Statistic>
      <Statistic Action="Force Step Into">
        <Item>
          <IdeaActionID>ForceStepInto</IdeaActionID>
          <ShortCut>'Alt+Shift+F7'</ShortCut>
          <Description>Force Step Into</Description>
          <Count>26</Count>
        </Item>
      </Statistic>
      <Statistic Action="Generate...">
        <Item>
          <IdeaActionID>Generate</IdeaActionID>
          <ShortCut>'Alt+Insert'</ShortCut>
          <Description>Generate...</Description>
          <Count>66</Count>
        </Item>
      </Statistic>
      <Statistic Action="Hide All Windows">
        <Item>
          <IdeaActionID>HideAllWindows</IdeaActionID>
          <ShortCut>'Ctrl+Shift+F12'</ShortCut>
          <Description>Hide All Windows</Description>
          <Count>1</Count>
        </Item>
      </Statistic>
      <Statistic Action="Jump to Source">
        <Item>
          <IdeaActionID>EditSource</IdeaActionID>
          <ShortCut>'F4'</ShortCut>
          <Description>Jump to Source</Description>
          <Count>1</Count>
        </Item>
      </Statistic>
      <Statistic Action="Messages">
        <Item>
          <IdeaActionID>ActivateMessagesToolWindow</IdeaActionID>
          <ShortCut>'Alt+0'</ShortCut>
          <Description>Messages</Description>
          <Count>7</Count>
        </Item>
      </Statistic>
      <Statistic Action="Open Module Settings">
        <Item>
          <IdeaActionID>OpenModuleSettings</IdeaActionID>
          <ShortCut>'F4'</ShortCut>
          <Description>Open Module Settings</Description>
          <Count>1</Count>
        </Item>
      </Statistic>
      <Statistic Action="Paste">
        <Item>
          <IdeaActionID>$Paste</IdeaActionID>
          <ShortCut>'Ctrl+V' or 'Shift+Insert'</ShortCut>
          <Description>Paste</Description>
          <Count>17</Count>
        </Item>
      </Statistic>
      <Statistic Action="Project">
        <Item>
          <IdeaActionID>ActivateProjectToolWindow</IdeaActionID>
          <ShortCut>'Alt+1'</ShortCut>
          <Description>Project</Description>
          <Count>105</Count>
        </Item>
      </Statistic>
      <Statistic Action="Project Structure...">
        <Item>
          <IdeaActionID>ShowProjectStructureSettings</IdeaActionID>
          <ShortCut>'Ctrl+Alt+Shift+S'</ShortCut>
          <Description>Project Structure...</Description>
          <Count>29</Count>
        </Item>
      </Statistic>
      <Statistic Action="Recompile 'FindKToTail.java'">
        <Item>
          <IdeaActionID>Compile</IdeaActionID>
          <ShortCut>'Ctrl+Shift+F9'</ShortCut>
          <Description>Recompile 'FindKToTail.java'</Description>
          <Count>1</Count>
        </Item>
      </Statistic>
      <Statistic Action="Recompile 'Main.java'">
        <Item>
          <IdeaActionID>Compile</IdeaActionID>
          <ShortCut>'Ctrl+Shift+F9'</ShortCut>
          <Description>Recompile 'Main.java'</Description>
          <Count>1</Count>
        </Item>
      </Statistic>
      <Statistic Action="Recompile 'Mapreduce.java'">
        <Item>
          <IdeaActionID>Compile</IdeaActionID>
          <ShortCut>'Ctrl+Shift+F9'</ShortCut>
          <Description>Recompile 'Mapreduce.java'</Description>
          <Count>1</Count>
        </Item>
      </Statistic>
      <Statistic Action="Redo Typing">
        <Item>
          <IdeaActionID>$Redo</IdeaActionID>
          <ShortCut>'Ctrl+Shift+Z' or 'Alt+Shift+Backspace'</ShortCut>
          <Description>Redo Typing</Description>
          <Count>2</Count>
        </Item>
      </Statistic>
      <Statistic Action="Rename...">
        <Item>
          <IdeaActionID>RenameElement</IdeaActionID>
          <ShortCut>'Shift+F6'</ShortCut>
          <Description>Rename...</Description>
          <Count>45</Count>
        </Item>
      </Statistic>
      <Statistic Action="Rerun 'Main'">
        <Item>
          <IdeaActionID>Rerun</IdeaActionID>
          <ShortCut>'Ctrl+F5'</ShortCut>
          <Description>Rerun 'Main'</Description>
          <Count>2</Count>
        </Item>
      </Statistic>
      <Statistic Action="Rerun 'Merge'">
        <Item>
          <IdeaActionID>Rerun</IdeaActionID>
          <ShortCut>'Ctrl+F5'</ShortCut>
          <Description>Rerun 'Merge'</Description>
          <Count>1</Count>
        </Item>
      </Statistic>
      <Statistic Action="Rerun 'QuickSort'">
        <Item>
          <IdeaActionID>Rerun</IdeaActionID>
          <ShortCut>'Ctrl+F5'</ShortCut>
          <Description>Rerun 'QuickSort'</Description>
          <Count>1</Count>
        </Item>
      </Statistic>
      <Statistic Action="Rerun 'SsodemoApplication'">
        <Item>
          <IdeaActionID>Rerun</IdeaActionID>
          <ShortCut>'Ctrl+F5'</ShortCut>
          <Description>Rerun 'SsodemoApplication'</Description>
          <Count>2</Count>
        </Item>
      </Statistic>
      <Statistic Action="Rerun 'Xiaoming'">
        <Item>
          <IdeaActionID>Rerun</IdeaActionID>
          <ShortCut>'Ctrl+F5'</ShortCut>
          <Description>Rerun 'Xiaoming'</Description>
          <Count>10</Count>
        </Item>
      </Statistic>
      <Statistic Action="Resume Program">
        <Item>
          <IdeaActionID>Resume</IdeaActionID>
          <ShortCut>'F9'</ShortCut>
          <Description>Resume Program</Description>
          <Count>1</Count>
        </Item>
      </Statistic>
      <Statistic Action="Run">
        <Item>
          <IdeaActionID>ActivateRunToolWindow</IdeaActionID>
          <ShortCut>'Alt+4'</ShortCut>
          <Description>Run</Description>
          <Count>130</Count>
        </Item>
      </Statistic>
      <Statistic Action="Run 'A.main()'">
        <Item>
          <IdeaActionID>RunClass</IdeaActionID>
          <ShortCut>'Ctrl+Shift+F10'</ShortCut>
          <Description>Run 'A.main()'</Description>
          <Count>2</Count>
        </Item>
      </Statistic>
      <Statistic Action="Run 'A2048.main()'">
        <Item>
          <IdeaActionID>RunClass</IdeaActionID>
          <ShortCut>'Ctrl+Shift+F10'</ShortCut>
          <Description>Run 'A2048.main()'</Description>
          <Count>37</Count>
        </Item>
      </Statistic>
      <Statistic Action="Run 'AwaitSignal.main()'">
        <Item>
          <IdeaActionID>RunClass</IdeaActionID>
          <ShortCut>'Ctrl+Shift+F10'</ShortCut>
          <Description>Run 'AwaitSignal.main()'</Description>
          <Count>4</Count>
        </Item>
      </Statistic>
      <Statistic Action="Run 'CaGenServiceImpl.main()'">
        <Item>
          <IdeaActionID>RunClass</IdeaActionID>
          <ShortCut>'Ctrl+Shift+F10'</ShortCut>
          <Description>Run 'CaGenServiceImpl.main()'</Description>
          <Count>5</Count>
        </Item>
      </Statistic>
      <Statistic Action="Run 'CurrentThread.main()'">
        <Item>
          <IdeaActionID>RunClass</IdeaActionID>
          <ShortCut>'Ctrl+Shift+F10'</ShortCut>
          <Description>Run 'CurrentThread.main()'</Description>
          <Count>3</Count>
        </Item>
      </Statistic>
      <Statistic Action="Run 'DeadLockB.main()'">
        <Item>
          <IdeaActionID>RunClass</IdeaActionID>
          <ShortCut>'Ctrl+Shift+F10'</ShortCut>
          <Description>Run 'DeadLockB.main()'</Description>
          <Count>9</Count>
        </Item>
      </Statistic>
      <Statistic Action="Run 'DemoApplication'">
        <Item>
          <IdeaActionID>Run</IdeaActionID>
          <ShortCut>'Shift+F10'</ShortCut>
          <Description>Run 'DemoApplication'</Description>
          <Count>5</Count>
        </Item>
      </Statistic>
      <Statistic Action="Run 'Demo_03_01.main()'">
        <Item>
          <IdeaActionID>RunClass</IdeaActionID>
          <ShortCut>'Ctrl+Shift+F10'</ShortCut>
          <Description>Run 'Demo_03_01.main()'</Description>
          <Count>1</Count>
        </Item>
      </Statistic>
      <Statistic Action="Run 'Dog.main()'">
        <Item>
          <IdeaActionID>RunClass</IdeaActionID>
          <ShortCut>'Ctrl+Shift+F10'</ShortCut>
          <Description>Run 'Dog.main()'</Description>
          <Count>1</Count>
        </Item>
      </Statistic>
      <Statistic Action="Run 'Douyou'">
        <Item>
          <IdeaActionID>Run</IdeaActionID>
          <ShortCut>'Shift+F10'</ShortCut>
          <Description>Run 'Douyou'</Description>
          <Count>1</Count>
        </Item>
      </Statistic>
      <Statistic Action="Run 'Douyou.main()'">
        <Item>
          <IdeaActionID>RunClass</IdeaActionID>
          <ShortCut>'Ctrl+Shift+F10'</ShortCut>
          <Description>Run 'Douyou.main()'</Description>
          <Count>4</Count>
        </Item>
      </Statistic>
      <Statistic Action="Run 'Eager_straightTest'">
        <Item>
          <IdeaActionID>RunClass</IdeaActionID>
          <ShortCut>'Ctrl+Shift+F10'</ShortCut>
          <Description>Run 'Eager_straightTest'</Description>
          <Count>14</Count>
        </Item>
      </Statistic>
      <Statistic Action="Run 'Eager_straightTest.test'">
        <Item>
          <IdeaActionID>Run</IdeaActionID>
          <ShortCut>'Shift+F10'</ShortCut>
          <Description>Run 'Eager_straightTest.test'</Description>
          <Count>1</Count>
        </Item>
      </Statistic>
      <Statistic Action="Run 'Father.main()'">
        <Item>
          <IdeaActionID>RunClass</IdeaActionID>
          <ShortCut>'Ctrl+Shift+F10'</ShortCut>
          <Description>Run 'Father.main()'</Description>
          <Count>3</Count>
        </Item>
      </Statistic>
      <Statistic Action="Run 'Finally'">
        <Item>
          <IdeaActionID>Run</IdeaActionID>
          <ShortCut>'Shift+F10'</ShortCut>
          <Description>Run 'Finally'</Description>
          <Count>1</Count>
        </Item>
      </Statistic>
      <Statistic Action="Run 'Finally.main()'">
        <Item>
          <IdeaActionID>RunClass</IdeaActionID>
          <ShortCut>'Ctrl+Shift+F10'</ShortCut>
          <Description>Run 'Finally.main()'</Description>
          <Count>5</Count>
        </Item>
      </Statistic>
      <Statistic Action="Run 'FindKToTail.main()'">
        <Item>
          <IdeaActionID>RunClass</IdeaActionID>
          <ShortCut>'Ctrl+Shift+F10'</ShortCut>
          <Description>Run 'FindKToTail.main()'</Description>
          <Count>15</Count>
        </Item>
      </Statistic>
      <Statistic Action="Run 'H.main()'">
        <Item>
          <IdeaActionID>RunClass</IdeaActionID>
          <ShortCut>'Ctrl+Shift+F10'</ShortCut>
          <Description>Run 'H.main()'</Description>
          <Count>12</Count>
        </Item>
      </Statistic>
      <Statistic Action="Run 'Interview.main()'">
        <Item>
          <IdeaActionID>RunClass</IdeaActionID>
          <ShortCut>'Ctrl+Shift+F10'</ShortCut>
          <Description>Run 'Interview.main()'</Description>
          <Count>8</Count>
        </Item>
      </Statistic>
      <Statistic Action="Run 'InterviewCon.main()'">
        <Item>
          <IdeaActionID>RunClass</IdeaActionID>
          <ShortCut>'Ctrl+Shift+F10'</ShortCut>
          <Description>Run 'InterviewCon.main()'</Description>
          <Count>51</Count>
        </Item>
      </Statistic>
      <Statistic Action="Run 'JedisClusterTest'">
        <Item>
          <IdeaActionID>Run</IdeaActionID>
          <ShortCut>'Shift+F10'</ShortCut>
          <Description>Run 'JedisClusterTest'</Description>
          <Count>2</Count>
        </Item>
      </Statistic>
      <Statistic Action="Run 'JedisClusterTest.main()'">
        <Item>
          <IdeaActionID>RunClass</IdeaActionID>
          <ShortCut>'Ctrl+Shift+F10'</ShortCut>
          <Description>Run 'JedisClusterTest.main()'</Description>
          <Count>1</Count>
        </Item>
      </Statistic>
      <Statistic Action="Run 'KthMin.main()'">
        <Item>
          <IdeaActionID>RunClass</IdeaActionID>
          <ShortCut>'Ctrl+Shift+F10'</ShortCut>
          <Description>Run 'KthMin.main()'</Description>
          <Count>4</Count>
        </Item>
      </Statistic>
      <Statistic Action="Run 'LRULinkedHashMap.main()'">
        <Item>
          <IdeaActionID>RunClass</IdeaActionID>
          <ShortCut>'Ctrl+Shift+F10'</ShortCut>
          <Description>Run 'LRULinkedHashMap.main()'</Description>
          <Count>3</Count>
        </Item>
      </Statistic>
      <Statistic Action="Run 'Lazy_thread_safeTest.unsafeTest'">
        <Item>
          <IdeaActionID>Run</IdeaActionID>
          <ShortCut>'Shift+F10'</ShortCut>
          <Description>Run 'Lazy_thread_safeTest.unsafeTest'</Description>
          <Count>18</Count>
        </Item>
      </Statistic>
      <Statistic Action="Run 'Main'">
        <Item>
          <IdeaActionID>Run</IdeaActionID>
          <ShortCut>'Shift+F10'</ShortCut>
          <Description>Run 'Main'</Description>
          <Count>1</Count>
        </Item>
      </Statistic>
      <Statistic Action="Run 'Main.main()'">
        <Item>
          <IdeaActionID>RunClass</IdeaActionID>
          <ShortCut>'Ctrl+Shift+F10'</ShortCut>
          <Description>Run 'Main.main()'</Description>
          <Count>12</Count>
        </Item>
      </Statistic>
      <Statistic Action="Run 'MainApplication'">
        <Item>
          <IdeaActionID>Run</IdeaActionID>
          <ShortCut>'Shift+F10'</ShortCut>
          <Description>Run 'MainApplication'</Description>
          <Count>28</Count>
        </Item>
      </Statistic>
      <Statistic Action="Run 'MainApplication.main()'">
        <Item>
          <IdeaActionID>RunClass</IdeaActionID>
          <ShortCut>'Ctrl+Shift+F10'</ShortCut>
          <Description>Run 'MainApplication.main()'</Description>
          <Count>1</Count>
        </Item>
      </Statistic>
      <Statistic Action="Run 'MainBegin (1)'">
        <Item>
          <IdeaActionID>Run</IdeaActionID>
          <ShortCut>'Shift+F10'</ShortCut>
          <Description>Run 'MainBegin (1)'</Description>
          <Count>2</Count>
        </Item>
      </Statistic>
      <Statistic Action="Run 'Mapreduce.main()'">
        <Item>
          <IdeaActionID>RunClass</IdeaActionID>
          <ShortCut>'Ctrl+Shift+F10'</ShortCut>
          <Description>Run 'Mapreduce.main()'</Description>
          <Count>15</Count>
        </Item>
      </Statistic>
      <Statistic Action="Run 'Merge.main()'">
        <Item>
          <IdeaActionID>RunClass</IdeaActionID>
          <ShortCut>'Ctrl+Shift+F10'</ShortCut>
          <Description>Run 'Merge.main()'</Description>
          <Count>4</Count>
        </Item>
      </Statistic>
      <Statistic Action="Run 'MintOtaServerApplication'">
        <Item>
          <IdeaActionID>Run</IdeaActionID>
          <ShortCut>'Shift+F10'</ShortCut>
          <Description>Run 'MintOtaServerApplication'</Description>
          <Count>9</Count>
        </Item>
      </Statistic>
      <Statistic Action="Run 'MyHttpClient'">
        <Item>
          <IdeaActionID>Run</IdeaActionID>
          <ShortCut>'Shift+F10'</ShortCut>
          <Description>Run 'MyHttpClient'</Description>
          <Count>30</Count>
        </Item>
      </Statistic>
      <Statistic Action="Run 'MyHttpClient.main()'">
        <Item>
          <IdeaActionID>RunClass</IdeaActionID>
          <ShortCut>'Ctrl+Shift+F10'</ShortCut>
          <Description>Run 'MyHttpClient.main()'</Description>
          <Count>1</Count>
        </Item>
      </Statistic>
      <Statistic Action="Run 'NodeSort.main()'">
        <Item>
          <IdeaActionID>RunClass</IdeaActionID>
          <ShortCut>'Ctrl+Shift+F10'</ShortCut>
          <Description>Run 'NodeSort.main()'</Description>
          <Count>2</Count>
        </Item>
      </Statistic>
      <Statistic Action="Run 'Order'">
        <Item>
          <IdeaActionID>Run</IdeaActionID>
          <ShortCut>'Shift+F10'</ShortCut>
          <Description>Run 'Order'</Description>
          <Count>1</Count>
        </Item>
      </Statistic>
      <Statistic Action="Run 'Order.main()'">
        <Item>
          <IdeaActionID>RunClass</IdeaActionID>
          <ShortCut>'Ctrl+Shift+F10'</ShortCut>
          <Description>Run 'Order.main()'</Description>
          <Count>12</Count>
        </Item>
      </Statistic>
      <Statistic Action="Run 'PC.main()'">
        <Item>
          <IdeaActionID>RunClass</IdeaActionID>
          <ShortCut>'Ctrl+Shift+F10'</ShortCut>
          <Description>Run 'PC.main()'</Description>
          <Count>3</Count>
        </Item>
      </Statistic>
      <Statistic Action="Run 'PipelineTest'">
        <Item>
          <IdeaActionID>Run</IdeaActionID>
          <ShortCut>'Shift+F10'</ShortCut>
          <Description>Run 'PipelineTest'</Description>
          <Count>4</Count>
        </Item>
      </Statistic>
      <Statistic Action="Run 'QuickSort'">
        <Item>
          <IdeaActionID>Run</IdeaActionID>
          <ShortCut>'Shift+F10'</ShortCut>
          <Description>Run 'QuickSort'</Description>
          <Count>3</Count>
        </Item>
      </Statistic>
      <Statistic Action="Run 'QuickSort.main()'">
        <Item>
          <IdeaActionID>RunClass</IdeaActionID>
          <ShortCut>'Ctrl+Shift+F10'</ShortCut>
          <Description>Run 'QuickSort.main()'</Description>
          <Count>22</Count>
        </Item>
      </Statistic>
      <Statistic Action="Run 'ReadDB'">
        <Item>
          <IdeaActionID>RunClass</IdeaActionID>
          <ShortCut>'Ctrl+Shift+F10'</ShortCut>
          <Description>Run 'ReadDB'</Description>
          <Count>28</Count>
        </Item>
      </Statistic>
      <Statistic Action="Run 'RedisLockTest'">
        <Item>
          <IdeaActionID>Run</IdeaActionID>
          <ShortCut>'Shift+F10'</ShortCut>
          <Description>Run 'RedisLockTest'</Description>
          <Count>3</Count>
        </Item>
      </Statistic>
      <Statistic Action="Run 'RedisLockTest.main()'">
        <Item>
          <IdeaActionID>RunClass</IdeaActionID>
          <ShortCut>'Ctrl+Shift+F10'</ShortCut>
          <Description>Run 'RedisLockTest.main()'</Description>
          <Count>5</Count>
        </Item>
      </Statistic>
      <Statistic Action="Run 'RedisOpsTest.ops'">
        <Item>
          <IdeaActionID>Run</IdeaActionID>
          <ShortCut>'Shift+F10'</ShortCut>
          <Description>Run 'RedisOpsTest.ops'</Description>
          <Count>4</Count>
        </Item>
      </Statistic>
      <Statistic Action="Run 'Reverse.main()'">
        <Item>
          <IdeaActionID>RunClass</IdeaActionID>
          <ShortCut>'Ctrl+Shift+F10'</ShortCut>
          <Description>Run 'Reverse.main()'</Description>
          <Count>2</Count>
        </Item>
      </Statistic>
      <Statistic Action="Run 'ReverseListNodes.main()'">
        <Item>
          <IdeaActionID>RunClass</IdeaActionID>
          <ShortCut>'Ctrl+Shift+F10'</ShortCut>
          <Description>Run 'ReverseListNodes.main()'</Description>
          <Count>2</Count>
        </Item>
      </Statistic>
      <Statistic Action="Run 'Send'">
        <Item>
          <IdeaActionID>Run</IdeaActionID>
          <ShortCut>'Shift+F10'</ShortCut>
          <Description>Run 'Send'</Description>
          <Count>1</Count>
        </Item>
      </Statistic>
      <Statistic Action="Run 'Send.main()'">
        <Item>
          <IdeaActionID>RunClass</IdeaActionID>
          <ShortCut>'Ctrl+Shift+F10'</ShortCut>
          <Description>Run 'Send.main()'</Description>
          <Count>3</Count>
        </Item>
      </Statistic>
      <Statistic Action="Run 'SimpleIOCTest'">
        <Item>
          <IdeaActionID>RunClass</IdeaActionID>
          <ShortCut>'Ctrl+Shift+F10'</ShortCut>
          <Description>Run 'SimpleIOCTest'</Description>
          <Count>2</Count>
        </Item>
      </Statistic>
      <Statistic Action="Run 'SimpleIOCTest.getBean'">
        <Item>
          <IdeaActionID>Run</IdeaActionID>
          <ShortCut>'Shift+F10'</ShortCut>
          <Description>Run 'SimpleIOCTest.getBean'</Description>
          <Count>14</Count>
        </Item>
      </Statistic>
      <Statistic Action="Run 'SleepAndWait'">
        <Item>
          <IdeaActionID>Run</IdeaActionID>
          <ShortCut>'Shift+F10'</ShortCut>
          <Description>Run 'SleepAndWait'</Description>
          <Count>3</Count>
        </Item>
      </Statistic>
      <Statistic Action="Run 'SleepAndWait.main()'">
        <Item>
          <IdeaActionID>RunClass</IdeaActionID>
          <ShortCut>'Ctrl+Shift+F10'</ShortCut>
          <Description>Run 'SleepAndWait.main()'</Description>
          <Count>1</Count>
        </Item>
      </Statistic>
      <Statistic Action="Run 'Son.main()'">
        <Item>
          <IdeaActionID>RunClass</IdeaActionID>
          <ShortCut>'Ctrl+Shift+F10'</ShortCut>
          <Description>Run 'Son.main()'</Description>
          <Count>6</Count>
        </Item>
      </Statistic>
      <Statistic Action="Run 'SsodemoApplication'">
        <Item>
          <IdeaActionID>Run</IdeaActionID>
          <ShortCut>'Shift+F10'</ShortCut>
          <Description>Run 'SsodemoApplication'</Description>
          <Count>7</Count>
        </Item>
      </Statistic>
      <Statistic Action="Run 'StartAndRun'">
        <Item>
          <IdeaActionID>Run</IdeaActionID>
          <ShortCut>'Shift+F10'</ShortCut>
          <Description>Run 'StartAndRun'</Description>
          <Count>2</Count>
        </Item>
      </Statistic>
      <Statistic Action="Run 'StartAndRun.main()'">
        <Item>
          <IdeaActionID>RunClass</IdeaActionID>
          <ShortCut>'Ctrl+Shift+F10'</ShortCut>
          <Description>Run 'StartAndRun.main()'</Description>
          <Count>4</Count>
        </Item>
      </Statistic>
      <Statistic Action="Run 'StringIntern.main()'">
        <Item>
          <IdeaActionID>RunClass</IdeaActionID>
          <ShortCut>'Ctrl+Shift+F10'</ShortCut>
          <Description>Run 'StringIntern.main()'</Description>
          <Count>14</Count>
        </Item>
      </Statistic>
      <Statistic Action="Run 'StudentServiceImplTest'">
        <Item>
          <IdeaActionID>RunClass</IdeaActionID>
          <ShortCut>'Ctrl+Shift+F10'</ShortCut>
          <Description>Run 'StudentServiceImplTest'</Description>
          <Count>1</Count>
        </Item>
      </Statistic>
      <Statistic Action="Run 'Tomcat 9.0.20'">
        <Item>
          <IdeaActionID>Run</IdeaActionID>
          <ShortCut>'Shift+F10'</ShortCut>
          <Description>Run 'Tomcat 9.0.20'</Description>
          <Count>27</Count>
        </Item>
      </Statistic>
      <Statistic Action="Run 'WRLock.main()'">
        <Item>
          <IdeaActionID>RunClass</IdeaActionID>
          <ShortCut>'Ctrl+Shift+F10'</ShortCut>
          <Description>Run 'WRLock.main()'</Description>
          <Count>15</Count>
        </Item>
      </Statistic>
      <Statistic Action="Run 'Xiaoming'">
        <Item>
          <IdeaActionID>Run</IdeaActionID>
          <ShortCut>'Shift+F10'</ShortCut>
          <Description>Run 'Xiaoming'</Description>
          <Count>3</Count>
        </Item>
      </Statistic>
      <Statistic Action="Run 'Xiaoming.main()'">
        <Item>
          <IdeaActionID>RunClass</IdeaActionID>
          <ShortCut>'Ctrl+Shift+F10'</ShortCut>
          <Description>Run 'Xiaoming.main()'</Description>
          <Count>48</Count>
        </Item>
      </Statistic>
      <Statistic Action="Run 'a'">
        <Item>
          <IdeaActionID>RunClass</IdeaActionID>
          <ShortCut>'Ctrl+Shift+F10'</ShortCut>
          <Description>Run 'a'</Description>
          <Count>17</Count>
        </Item>
      </Statistic>
      <Statistic Action="Run 'ana'">
        <Item>
          <IdeaActionID>RunClass</IdeaActionID>
          <ShortCut>'Ctrl+Shift+F10'</ShortCut>
          <Description>Run 'ana'</Description>
          <Count>29</Count>
        </Item>
      </Statistic>
      <Statistic Action="Run 'answerWeb.sql'... ">
        <Item>
          <IdeaActionID>Jdbc.RunSqlScript</IdeaActionID>
          <ShortCut>'Ctrl+Shift+F10'</ShortCut>
          <Description>Run 'answerWeb.sql'...</Description>
          <Count>2</Count>
        </Item>
      </Statistic>
      <Statistic Action="Run 'data_washing'">
        <Item>
          <IdeaActionID>RunClass</IdeaActionID>
          <ShortCut>'Ctrl+Shift+F10'</ShortCut>
          <Description>Run 'data_washing'</Description>
          <Count>28</Count>
        </Item>
      </Statistic>
      <Statistic Action="Run 'database.sql'... ">
        <Item>
          <IdeaActionID>Jdbc.RunSqlScript</IdeaActionID>
          <ShortCut>'Ctrl+Shift+F10'</ShortCut>
          <Description>Run 'database.sql'...</Description>
          <Count>2</Count>
        </Item>
      </Statistic>
      <Statistic Action="Run 'date()'">
        <Item>
          <IdeaActionID>RunClass</IdeaActionID>
          <ShortCut>'Ctrl+Shift+F10'</ShortCut>
          <Description>Run 'date()'</Description>
          <Count>1</Count>
        </Item>
      </Statistic>
      <Statistic Action="Run 'db2redis()'">
        <Item>
          <IdeaActionID>RunClass</IdeaActionID>
          <ShortCut>'Ctrl+Shift+F10'</ShortCut>
          <Description>Run 'db2redis()'</Description>
          <Count>1</Count>
        </Item>
      </Statistic>
      <Statistic Action="Run 'dbops.sql'... ">
        <Item>
          <IdeaActionID>Jdbc.RunSqlScript</IdeaActionID>
          <ShortCut>'Ctrl+Shift+F10'</ShortCut>
          <Description>Run 'dbops.sql'...</Description>
          <Count>8</Count>
        </Item>
      </Statistic>
      <Statistic Action="Run 'douhao()'">
        <Item>
          <IdeaActionID>RunClass</IdeaActionID>
          <ShortCut>'Ctrl+Shift+F10'</ShortCut>
          <Description>Run 'douhao()'</Description>
          <Count>1</Count>
        </Item>
      </Statistic>
      <Statistic Action="Run 'ds'">
        <Item>
          <IdeaActionID>RunClass</IdeaActionID>
          <ShortCut>'Ctrl+Shift+F10'</ShortCut>
          <Description>Run 'ds'</Description>
          <Count>4</Count>
        </Item>
      </Statistic>
      <Statistic Action="Run 'findAllBook()'">
        <Item>
          <IdeaActionID>RunClass</IdeaActionID>
          <ShortCut>'Ctrl+Shift+F10'</ShortCut>
          <Description>Run 'findAllBook()'</Description>
          <Count>3</Count>
        </Item>
      </Statistic>
      <Statistic Action="Run 'findUser()'">
        <Item>
          <IdeaActionID>RunClass</IdeaActionID>
          <ShortCut>'Ctrl+Shift+F10'</ShortCut>
          <Description>Run 'findUser()'</Description>
          <Count>3</Count>
        </Item>
      </Statistic>
      <Statistic Action="Run 'getBean()'">
        <Item>
          <IdeaActionID>RunClass</IdeaActionID>
          <ShortCut>'Ctrl+Shift+F10'</ShortCut>
          <Description>Run 'getBean()'</Description>
          <Count>17</Count>
        </Item>
      </Statistic>
      <Statistic Action="Run 'getFile()'">
        <Item>
          <IdeaActionID>RunClass</IdeaActionID>
          <ShortCut>'Ctrl+Shift+F10'</ShortCut>
          <Description>Run 'getFile()'</Description>
          <Count>2</Count>
        </Item>
      </Statistic>
      <Statistic Action="Run 'getRedis()'">
        <Item>
          <IdeaActionID>RunClass</IdeaActionID>
          <ShortCut>'Ctrl+Shift+F10'</ShortCut>
          <Description>Run 'getRedis()'</Description>
          <Count>1</Count>
        </Item>
      </Statistic>
      <Statistic Action="Run 'get_zhihu_html'">
        <Item>
          <IdeaActionID>RunClass</IdeaActionID>
          <ShortCut>'Ctrl+Shift+F10'</ShortCut>
          <Description>Run 'get_zhihu_html'</Description>
          <Count>11</Count>
        </Item>
      </Statistic>
      <Statistic Action="Run 'get_zhihu_html(1)'">
        <Item>
          <IdeaActionID>RunClass</IdeaActionID>
          <ShortCut>'Ctrl+Shift+F10'</ShortCut>
          <Description>Run 'get_zhihu_html(1)'</Description>
          <Count>8</Count>
        </Item>
      </Statistic>
      <Statistic Action="Run 'helloworld'">
        <Item>
          <IdeaActionID>Run</IdeaActionID>
          <ShortCut>'Shift+F10'</ShortCut>
          <Description>Run 'helloworld'</Description>
          <Count>2</Count>
        </Item>
      </Statistic>
      <Statistic Action="Run 'main.main()'">
        <Item>
          <IdeaActionID>RunClass</IdeaActionID>
          <ShortCut>'Ctrl+Shift+F10'</ShortCut>
          <Description>Run 'main.main()'</Description>
          <Count>1</Count>
        </Item>
      </Statistic>
      <Statistic Action="Run 'myBoolean'">
        <Item>
          <IdeaActionID>Run</IdeaActionID>
          <ShortCut>'Shift+F10'</ShortCut>
          <Description>Run 'myBoolean'</Description>
          <Count>1</Count>
        </Item>
      </Statistic>
      <Statistic Action="Run 'myBoolean.main()'">
        <Item>
          <IdeaActionID>RunClass</IdeaActionID>
          <ShortCut>'Ctrl+Shift+F10'</ShortCut>
          <Description>Run 'myBoolean.main()'</Description>
          <Count>9</Count>
        </Item>
      </Statistic>
      <Statistic Action="Run 'my_statistcs'">
        <Item>
          <IdeaActionID>RunClass</IdeaActionID>
          <ShortCut>'Ctrl+Shift+F10'</ShortCut>
          <Description>Run 'my_statistcs'</Description>
          <Count>14</Count>
        </Item>
      </Statistic>
      <Statistic Action="Run 'ops()'">
        <Item>
          <IdeaActionID>RunClass</IdeaActionID>
          <ShortCut>'Ctrl+Shift+F10'</ShortCut>
          <Description>Run 'ops()'</Description>
          <Count>8</Count>
        </Item>
      </Statistic>
      <Statistic Action="Run 'redisLock()'">
        <Item>
          <IdeaActionID>RunClass</IdeaActionID>
          <ShortCut>'Ctrl+Shift+F10'</ShortCut>
          <Description>Run 'redisLock()'</Description>
          <Count>3</Count>
        </Item>
      </Statistic>
      <Statistic Action="Run 'spider'">
        <Item>
          <IdeaActionID>RunClass</IdeaActionID>
          <ShortCut>'Ctrl+Shift+F10'</ShortCut>
          <Description>Run 'spider'</Description>
          <Count>12</Count>
        </Item>
      </Statistic>
      <Statistic Action="Run 'test'">
        <Item>
          <IdeaActionID>RunClass</IdeaActionID>
          <ShortCut>'Ctrl+Shift+F10'</ShortCut>
          <Description>Run 'test'</Description>
          <Count>1</Count>
        </Item>
      </Statistic>
      <Statistic Action="Run 'test()'">
        <Item>
          <IdeaActionID>RunClass</IdeaActionID>
          <ShortCut>'Ctrl+Shift+F10'</ShortCut>
          <Description>Run 'test()'</Description>
          <Count>1</Count>
        </Item>
      </Statistic>
      <Statistic Action="Run 'unsafeTest()'">
        <Item>
          <IdeaActionID>RunClass</IdeaActionID>
          <ShortCut>'Ctrl+Shift+F10'</ShortCut>
          <Description>Run 'unsafeTest()'</Description>
          <Count>2</Count>
        </Item>
      </Statistic>
      <Statistic Action="Run 'vw-varinfo2'">
        <Item>
          <IdeaActionID>RunClass</IdeaActionID>
          <ShortCut>'Ctrl+Shift+F10'</ShortCut>
          <Description>Run 'vw-varinfo2'</Description>
          <Count>1</Count>
        </Item>
      </Statistic>
      <Statistic Action="Run '正则'">
        <Item>
          <IdeaActionID>RunClass</IdeaActionID>
          <ShortCut>'Ctrl+Shift+F10'</ShortCut>
          <Description>Run '正则'</Description>
          <Count>6</Count>
        </Item>
      </Statistic>
      <Statistic Action="Run to Cursor">
        <Item>
          <IdeaActionID>RunToCursor</IdeaActionID>
          <ShortCut>'Alt+F9'</ShortCut>
          <Description>Run to Cursor</Description>
          <Count>1</Count>
        </Item>
      </Statistic>
      <Statistic Action="Run...">
        <Item>
          <IdeaActionID>ChooseRunConfiguration</IdeaActionID>
          <ShortCut>'Alt+Shift+F10'</ShortCut>
          <Description>Run...</Description>
          <Count>1</Count>
        </Item>
      </Statistic>
      <Statistic Action="Settings...">
        <Item>
          <IdeaActionID>ShowSettings</IdeaActionID>
          <ShortCut>'Ctrl+Alt+S'</ShortCut>
          <Description>Settings...</Description>
          <Count>31</Count>
        </Item>
      </Statistic>
      <Statistic Action="Show Diagram Popup...">
        <Item>
          <IdeaActionID>ShowUmlDiagramPopup</IdeaActionID>
          <ShortCut>'Ctrl+Alt+U'</ShortCut>
          <Description>Show Diagram Popup...</Description>
          <Count>2</Count>
        </Item>
      </Statistic>
      <Statistic Action="Show Diagram...">
        <Item>
          <IdeaActionID>ShowUmlDiagram</IdeaActionID>
          <ShortCut>'Ctrl+Alt+Shift+U'</ShortCut>
          <Description>Show Diagram...</Description>
          <Count>3</Count>
        </Item>
      </Statistic>
      <Statistic Action="Show Grid">
        <Item>
          <IdeaActionID>Images.Editor.ToggleGrid</IdeaActionID>
          <ShortCut>'Ctrl+引号'</ShortCut>
          <Description>Show Grid</Description>
          <Count>1</Count>
        </Item>
      </Statistic>
      <Statistic Action="Step Into">
        <Item>
          <IdeaActionID>StepInto</IdeaActionID>
          <ShortCut>'F7'</ShortCut>
          <Description>Step Into</Description>
          <Count>569</Count>
        </Item>
      </Statistic>
      <Statistic Action="Step Out">
        <Item>
          <IdeaActionID>StepOut</IdeaActionID>
          <ShortCut>'Shift+F8'</ShortCut>
          <Description>Step Out</Description>
          <Count>37</Count>
        </Item>
      </Statistic>
      <Statistic Action="Step Over">
        <Item>
          <IdeaActionID>StepOver</IdeaActionID>
          <ShortCut>'F8'</ShortCut>
          <Description>Step Over</Description>
          <Count>160</Count>
        </Item>
      </Statistic>
      <Statistic Action="Stop 'A2048'">
        <Item>
          <IdeaActionID>Stop</IdeaActionID>
          <ShortCut>'Ctrl+F2'</ShortCut>
          <Description>Stop 'A2048'</Description>
          <Count>4</Count>
        </Item>
      </Statistic>
      <Statistic Action="Stop 'DeadLockB'">
        <Item>
          <IdeaActionID>Stop</IdeaActionID>
          <ShortCut>'Ctrl+F2'</ShortCut>
          <Description>Stop 'DeadLockB'</Description>
          <Count>2</Count>
        </Item>
      </Statistic>
      <Statistic Action="Stop 'Finally'">
        <Item>
          <IdeaActionID>Stop</IdeaActionID>
          <ShortCut>'Ctrl+F2'</ShortCut>
          <Description>Stop 'Finally'</Description>
          <Count>1</Count>
        </Item>
      </Statistic>
      <Statistic Action="Stop 'InterviewCon'">
        <Item>
          <IdeaActionID>Stop</IdeaActionID>
          <ShortCut>'Ctrl+F2'</ShortCut>
          <Description>Stop 'InterviewCon'</Description>
          <Count>10</Count>
        </Item>
      </Statistic>
      <Statistic Action="Stop 'Main'">
        <Item>
          <IdeaActionID>Stop</IdeaActionID>
          <ShortCut>'Ctrl+F2'</ShortCut>
          <Description>Stop 'Main'</Description>
          <Count>1</Count>
        </Item>
      </Statistic>
      <Statistic Action="Stop 'MainApplication'">
        <Item>
          <IdeaActionID>Stop</IdeaActionID>
          <ShortCut>'Ctrl+F2'</ShortCut>
          <Description>Stop 'MainApplication'</Description>
          <Count>63</Count>
        </Item>
      </Statistic>
      <Statistic Action="Stop 'Mapreduce'">
        <Item>
          <IdeaActionID>Stop</IdeaActionID>
          <ShortCut>'Ctrl+F2'</ShortCut>
          <Description>Stop 'Mapreduce'</Description>
          <Count>4</Count>
        </Item>
      </Statistic>
      <Statistic Action="Stop 'Merge'">
        <Item>
          <IdeaActionID>Stop</IdeaActionID>
          <ShortCut>'Ctrl+F2'</ShortCut>
          <Description>Stop 'Merge'</Description>
          <Count>2</Count>
        </Item>
      </Statistic>
      <Statistic Action="Stop 'MintOtaServerApplication'">
        <Item>
          <IdeaActionID>Stop</IdeaActionID>
          <ShortCut>'Ctrl+F2'</ShortCut>
          <Description>Stop 'MintOtaServerApplication'</Description>
          <Count>6</Count>
        </Item>
      </Statistic>
      <Statistic Action="Stop 'Order'">
        <Item>
          <IdeaActionID>Stop</IdeaActionID>
          <ShortCut>'Ctrl+F2'</ShortCut>
          <Description>Stop 'Order'</Description>
          <Count>5</Count>
        </Item>
      </Statistic>
      <Statistic Action="Stop 'PC'">
        <Item>
          <IdeaActionID>Stop</IdeaActionID>
          <ShortCut>'Ctrl+F2'</ShortCut>
          <Description>Stop 'PC'</Description>
          <Count>4</Count>
        </Item>
      </Statistic>
      <Statistic Action="Stop 'PipelineTest'">
        <Item>
          <IdeaActionID>Stop</IdeaActionID>
          <ShortCut>'Ctrl+F2'</ShortCut>
          <Description>Stop 'PipelineTest'</Description>
          <Count>1</Count>
        </Item>
      </Statistic>
      <Statistic Action="Stop 'QuickSort'">
        <Item>
          <IdeaActionID>Stop</IdeaActionID>
          <ShortCut>'Ctrl+F2'</ShortCut>
          <Description>Stop 'QuickSort'</Description>
          <Count>8</Count>
        </Item>
      </Statistic>
      <Statistic Action="Stop 'RedisLockTest'">
        <Item>
          <IdeaActionID>Stop</IdeaActionID>
          <ShortCut>'Ctrl+F2'</ShortCut>
          <Description>Stop 'RedisLockTest'</Description>
          <Count>2</Count>
        </Item>
      </Statistic>
      <Statistic Action="Stop 'SsodemoApplication'">
        <Item>
          <IdeaActionID>Stop</IdeaActionID>
          <ShortCut>'Ctrl+F2'</ShortCut>
          <Description>Stop 'SsodemoApplication'</Description>
          <Count>8</Count>
        </Item>
      </Statistic>
      <Statistic Action="Stop 'Tomcat 9.0.20'">
        <Item>
          <IdeaActionID>Stop</IdeaActionID>
          <ShortCut>'Ctrl+F2'</ShortCut>
          <Description>Stop 'Tomcat 9.0.20'</Description>
          <Count>53</Count>
        </Item>
      </Statistic>
      <Statistic Action="Stop 'Xiaoming'">
        <Item>
          <IdeaActionID>Stop</IdeaActionID>
          <ShortCut>'Ctrl+F2'</ShortCut>
          <Description>Stop 'Xiaoming'</Description>
          <Count>7</Count>
        </Item>
      </Statistic>
      <Statistic Action="Stop 'a'">
        <Item>
          <IdeaActionID>Stop</IdeaActionID>
          <ShortCut>'Ctrl+F2'</ShortCut>
          <Description>Stop 'a'</Description>
          <Count>2</Count>
        </Item>
      </Statistic>
      <Statistic Action="Stop 'data_washing'">
        <Item>
          <IdeaActionID>Stop</IdeaActionID>
          <ShortCut>'Ctrl+F2'</ShortCut>
          <Description>Stop 'data_washing'</Description>
          <Count>9</Count>
        </Item>
      </Statistic>
      <Statistic Action="Stop 'data_washing(4)'">
        <Item>
          <IdeaActionID>Stop</IdeaActionID>
          <ShortCut>'Ctrl+F2'</ShortCut>
          <Description>Stop 'data_washing(4)'</Description>
          <Count>1</Count>
        </Item>
      </Statistic>
      <Statistic Action="Stop 'helloworld'">
        <Item>
          <IdeaActionID>Stop</IdeaActionID>
          <ShortCut>'Ctrl+F2'</ShortCut>
          <Description>Stop 'helloworld'</Description>
          <Count>30</Count>
        </Item>
      </Statistic>
      <Statistic Action="Stop 'myBoolean'">
        <Item>
          <IdeaActionID>Stop</IdeaActionID>
          <ShortCut>'Ctrl+F2'</ShortCut>
          <Description>Stop 'myBoolean'</Description>
          <Count>2</Count>
        </Item>
      </Statistic>
      <Statistic Action="Stop 'my_statistcs'">
        <Item>
          <IdeaActionID>Stop</IdeaActionID>
          <ShortCut>'Ctrl+F2'</ShortCut>
          <Description>Stop 'my_statistcs'</Description>
          <Count>3</Count>
        </Item>
      </Statistic>
      <Statistic Action="Stop 'my_statistcs(2)'">
        <Item>
          <IdeaActionID>Stop</IdeaActionID>
          <ShortCut>'Ctrl+F2'</ShortCut>
          <Description>Stop 'my_statistcs(2)'</Description>
          <Count>1</Count>
        </Item>
      </Statistic>
      <Statistic Action="Structure">
        <Item>
          <IdeaActionID>ActivateStructureToolWindow</IdeaActionID>
          <ShortCut>'Alt+7'</ShortCut>
          <Description>Structure</Description>
          <Count>5</Count>
        </Item>
      </Statistic>
      <Statistic Action="Synchronize">
        <Item>
          <IdeaActionID>DatabaseView.SynchronizeAction</IdeaActionID>
          <ShortCut>'Ctrl+Alt+Y'</ShortCut>
          <Description>Synchronize</Description>
          <Count>1</Count>
        </Item>
      </Statistic>
      <Statistic Action="TODO">
        <Item>
          <IdeaActionID>ActivateTODOToolWindow</IdeaActionID>
          <ShortCut>'Alt+6'</ShortCut>
          <Description>TODO</Description>
          <Count>11</Count>
        </Item>
      </Statistic>
      <Statistic Action="Terminal">
        <Item>
          <IdeaActionID>ActivateTerminalToolWindow</IdeaActionID>
          <ShortCut>'Alt+F12'</ShortCut>
          <Description>Terminal</Description>
          <Count>27</Count>
        </Item>
      </Statistic>
      <Statistic Action="Test">
        <Item>
          <IdeaActionID>GotoTest</IdeaActionID>
          <ShortCut>'Ctrl+Shift+T'</ShortCut>
          <Description>Test</Description>
          <Count>24</Count>
        </Item>
      </Statistic>
      <Statistic Action="Toggle Line Breakpoint">
        <Item>
          <IdeaActionID>ToggleLineBreakpoint</IdeaActionID>
          <ShortCut>'Ctrl+F8'</ShortCut>
          <Description>Toggle Line Breakpoint</Description>
          <Count>82</Count>
        </Item>
      </Statistic>
      <Statistic Action="Undo Typing">
        <Item>
          <IdeaActionID>$Undo</IdeaActionID>
          <ShortCut>'Ctrl+Z' or 'Alt+Backspace'</ShortCut>
          <Description>Undo Typing</Description>
          <Count>2</Count>
        </Item>
      </Statistic>
      <Statistic Action="Version Control">
        <Item>
          <IdeaActionID>ActivateVersionControlToolWindow</IdeaActionID>
          <ShortCut>'Alt+9' or 'Alt+Shift+9'</ShortCut>
          <Description>Version Control</Description>
          <Count>1</Count>
        </Item>
      </Statistic>
      <Statistic Action="View Breakpoints...">
        <Item>
          <IdeaActionID>ViewBreakpoints</IdeaActionID>
          <ShortCut>'Ctrl+Shift+F8'</ShortCut>
          <Description>View Breakpoints...</Description>
          <Count>2</Count>
        </Item>
      </Statistic>
      <Statistic Action="Zoom In">
        <Item>
          <IdeaActionID>Images.Editor.ZoomIn</IdeaActionID>
          <ShortCut>'Ctrl+NumPad +' or 'Ctrl+='</ShortCut>
          <Description>Zoom In</Description>
          <Count>1</Count>
        </Item>
      </Statistic>
    </option>
    <option name="suppressed">
      <Statistic Action="Maven">
        <Item>
          <IdeaActionID>ActivateMavenToolWindow</IdeaActionID>
          <Description>Maven</Description>
        </Item>
      </Statistic>
    </option>
  </component>
</application>