<application>
  <component name="PropertiesComponent">
    <property name="ColorChooser.RecentColors" value="106-21-23-255,,,106-37-41-255,,,106-54-57-255,,,106-75-77-255,,,106-72-87-255,,,106-68-94-255,,,106-50-81-255,,,55-74-74-255,,,84-140-187-255,,,72-133-187-255,,,198-187-78-255,,,198-188-62-255,,,77-135-45-255,,,149-139-54-255,,,188-63-60-255,,,188-23-22-255,,,204-120-82-255,,,182-198-97-255,,,160-198-96-255,,,97-143-198-255" />
    <property name="Copy.OpenInEditor" value="true" />
    <property name="DBE.Default.Dialect" value="" />
    <property name="Darcula.SavedEditorTheme" value="_@user_Darcula" />
    <property name="Default.SavedEditorTheme" value="Eclipse" />
    <property name="DocumentationAutoUpdateEnabled" value="true" />
    <property name="ExpandBeforeRunStepsPanel" value="true" />
    <property name="ExpandRunDashboardTypesPanel" value="false" />
    <property name="FileTemplates.SelectedTemplate" value="HTML File" />
    <property name="FrameworksFinderRecursivePanel[0]" value="0.15455951" />
    <property name="InstalledPluginsSearchHistory" value="python&#10;CodeGlance&#10;test" />
    <property name="JUnit.Splitter.Proportion" value="0.1590164" />
    <property name="JUnitSupport.hidePassedTests" value="false" />
    <property name="KEYMAP" value="enter&#10;alt" />
    <property name="LAST_INJECTED_LANGUAGE" value="SQL" />
    <property name="LiveContextsPanel[0]" value="0.15810277" />
    <property name="LiveContextsPanel[1]" value="0.18796992" />
    <property name="MavenModuleWizard.inheritGroupId" value="true" />
    <property name="MavenModuleWizard.inheritVersion" value="true" />
    <property name="MemberChooser.copyJavadoc" value="false" />
    <property name="MemberChooser.showClasses" value="true" />
    <property name="MoveFile.OpenInEditor" value="true" />
    <property name="PluginConfigurable.selectionTab" value="2" />
    <property name="ProjectStructure.SecondLevelElements" value="0.31211856" />
    <property name="SettingsSearchHistory" value="maven&#10;plu&#10;edit con&#10;alt&#10;plug" />
    <property name="ShowDocumentationInToolWindow" value="false" />
    <property name="SplitFileEditor.Proportion" value="0.51789075" />
    <property name="SpringBeansModulesPanel[0]" value="0.15455951" />
    <property name="SpringBeansModulesPanel[1]" value="0.18298262" />
    <property name="SpringBeansModulesPanel[2]" value="0.22421524" />
    <property name="SpringBeansModulesPanel[3]" value="0.2894356" />
    <property name="TrendingPluginsSearchHistory" value="ali&#10;tabnine&#10;python&#10;Key promoter X&#10;CodeGlance" />
    <property name="com.intellij.database.actions.DdlActions$CommentOnObjectAction$1.previewExpanded" value="true" />
    <property name="com.intellij.database.actions.DdlActions$DeleteProvider2$1.previewExpanded" value="true" />
    <property name="com.intellij.history.integration.ui.views.DirectoryHistoryDialog.0" value="1000" />
    <property name="com.intellij.history.integration.ui.views.FileHistoryDialog.0" value="243" />
    <property name="com.intellij.history.integration.ui.views.FileHistoryDialog.1" value="800" />
    <property name="com.intellij.openapi.roots.ui.configuration.TabbedModuleEditor.selectedEditor" value="Sources" />
    <property name="com.intellij.remoteServer.impl.runtime.ui.ServersToolWindowContent:com.intellij.remoteServer.impl.runtime.ui.DefaultRemoteServersViewContribution.0" value="300" />
    <property name="create.project.preferred.importer" value="Existing Sources" />
    <property name="decompiler.legal.notice.accepted" value="true" />
    <property name="defaultJdkConfigured" value="true" />
    <property name="evlsprt3.183" value="12" />
    <property name="file.chooser.recent.files" value="E:/Intellij workspace/ota-server&#10;E:/Intellij workspace/ota-service&#10;E:/Intellij workspace/boss_scrapy-master (51job数据)/boss_scrapy&#10;E:/Intellij workspace/boss_scrapy-master (51job数据)&#10;E:/Intellij workspace/weight-loss-master&#10;E:/Eclipse worksapce/lbh&#10;E:/Intellij workspace/second_kill&#10;E:/Intellij workspace/LeetCode&#10;E:/Intellij workspace/BookManagement&#10;F:/BaiduNetdiskDownload/pd/100、Java秒杀系统方案优化 高性能高并发实战/project/y2gwfn/miaosha_7&#10;E:/Intellij workspace&#10;E:/Intellij workspace/crm&#10;E:/Intellij workspace/demo&#10;E:/Intellij workspace/MySSM&#10;E:/others/apache-tomcat-9.0.20&#10;E:/others/apache-tomcat-9.0.20/lib&#10;D:/hadoop-3.1.2/hadoop-3.1.2/share/hadoop/yarn&#10;C:/Users/HY/.m2/repository/org/apache/tomcat&#10;E:/Intellij workspace/answerWeb-master&#10;E:/Chrome Download/httpcomponents-client-4.5.8&#10;E:/Eclipse worksapce/lbh/bin/jdbc&#10;F:/BaiduNetdiskDownload/SpringCloud/Spring Boot企业微信点餐系统/sell&#10;E:/intellij workspace/Mockito_Demo&#10;E:/intellij workspace&#10;C:/Program Files/Java/jdk1.8.0_111&#10;E:/intellij workspace/SpringiA4_SourceCode/out&#10;E:/intellij workspace/LeetCode&#10;C:/Users/HY&#10;E:/intellij workspace/SpringiA4_SourceCode&#10;C:/Users/HY/Desktop/spring/SpringiA4_SourceCode" />
    <property name="file.gist.reindex.count" value="13967" />
    <property name="fileTypeChangedCounter" value="7" />
    <property name="installed.kotlin.plugin.version" value="1.3.11-release-IJ2018.3-1" />
    <property name="javaee.appServer.lastUsedIntegration" value="Tomcat Server" />
    <property name="javaee.appServer.lastUsedServer" value="Tomcat 9.0.20" />
    <property name="jdk.selected.JAVA_MODULE" value="1.8" />
    <property name="jdk.selected.PYTHON_MODULE" value="Python 3.7" />
    <property name="kotlin.lastUpdateCheck" value="1559723537273" />
    <property name="last.imported.location" value="E:/intellij workspace/SpringiA4_SourceCode" />
    <property name="lastTip" value="88" />
    <property name="project.wizard.group" value="org.jetbrains.idea.maven.wizards.MavenModuleBuilder" />
    <property name="project.wizard.template" value="Maven" />
    <property name="quick.doc.font.size" value="X_SMALL" />
    <property name="run.configuration.edit.ad" value="true" />
    <property name="selected.color.option.type" value="BAD_CHARACTER" />
    <property name="settings.code.style.selected.tab.JAVA" value="Tabs and Indents" />
    <property name="spring.initializr.service.url.history" value="" />
    <property name="spring.initializr.service.url.last" value="https://start.spring.io" />
    <property name="ts.lib.d.ts.version" value="3.2.1" />
  </component>
  <component name="PyTestFrameworkService">
    <option name="SDK_TO_PYTEST">
      <map>
        <entry key="C:\Program Files\Python\Python37\python.exe" value="false" />
      </map>
    </option>
    <option name="SDK_TO_TRIALTEST">
      <map>
        <entry key="C:\Program Files\Python\Python37\python.exe" value="true" />
      </map>
    </option>
  </component>
</application>